{
  "tag": "bio",
  "mix": null,
  "modalities": [
    "dna",
    "natural_language",
    "protein"
  ],
  "layer_averaged_js": {
    "dna_vs_natural_language": 0.5299265623092652,
    "dna_vs_protein": 0.1593963370968898,
    "natural_language_vs_protein": 0.37100523014863335
  },
  "per_layer_js": {
    "dna_vs_natural_language": [
      0.5325407087802887,
      0.45682714879512787,
      0.5677713751792908,
      0.4869040697813034,
      0.5095104277133942,
      0.5005036145448685,
      0.5144627094268799,
      0.5756841897964478,
      0.47151966392993927,
      0.5116355419158936,
      0.5923383235931396,
      0.5076130628585815,
      0.5399342179298401,
      0.583601713180542,
      0.472311332821846,
      0.5073150098323822,
      0.5830083787441254,
      0.5143523216247559,
      0.48125557601451874,
      0.4634355157613754,
      0.5868832170963287,
      0.5100206732749939,
      0.5742679834365845,
      0.4602033346891403,
      0.5194870233535767,
      0.5409469902515411,
      0.5761449635028839,
      0.575611412525177,
      0.6055265963077545,
      0.5761797726154327
    ],
    "dna_vs_protein": [
      0.2146407887339592,
      0.25503072142601013,
      0.12457440420985222,
      0.17845632880926132,
      0.1797095313668251,
      0.22084414213895798,
      0.15755366533994675,
      0.15601586550474167,
      0.11220796778798103,
      0.18528412282466888,
      0.30113421380519867,
      0.20226003974676132,
      0.14140815287828445,
      0.20573542267084122,
      0.17683831602334976,
      0.1802653819322586,
      0.16544285416603088,
      0.18456753343343735,
      0.0944390557706356,
      0.13912102580070496,
      0.1468358039855957,
      0.1336415410041809,
      0.15342476218938828,
      0.10731450468301773,
      0.08731399476528168,
      0.11841049417853355,
      0.10610760748386383,
      0.08879413455724716,
      0.11378111317753792,
      0.15073662251234055
    ],
    "natural_language_vs_protein": [
      0.3462863266468048,
      0.27885426580905914,
      0.37957391142845154,
      0.3362744450569153,
      0.32282398641109467,
      0.3356669396162033,
      0.3017771244049072,
      0.39645229279994965,
      0.3545815944671631,
      0.34748196601867676,
      0.39810673892498016,
      0.3864016979932785,
      0.4367745667695999,
      0.4103931188583374,
      0.3734154552221298,
      0.38337163627147675,
      0.45495522022247314,
      0.4129771888256073,
      0.3385457694530487,
      0.36732153594493866,
      0.38539066910743713,
      0.33305107057094574,
      0.3569975793361664,
      0.3619462102651596,
      0.3469177484512329,
      0.36928246915340424,
      0.38256314396858215,
      0.41568635404109955,
      0.4295364022254944,
      0.3867494761943817
    ]
  }
}