{
  "tag": "M3-bio50",
  "mix": {
    "text": 0.5,
    "protein": 0.35,
    "dna": 0.1,
    "biolit": 0.05
  },
  "modalities": [
    "dna",
    "natural_language",
    "protein"
  ],
  "layer_averaged_js": {
    "dna_vs_natural_language": 0.4497569645444552,
    "dna_vs_protein": 0.12307437428583702,
    "natural_language_vs_protein": 0.3077742449939251
  },
  "per_layer_js": {
    "dna_vs_natural_language": [
      0.34230799973011017,
      0.4033244401216507,
      0.4202852249145508,
      0.34934696555137634,
      0.17919880151748657,
      0.40881146490573883,
      0.45233796536922455,
      0.5677652359008789,
      0.46324799954891205,
      0.4451875239610672,
      0.3813827633857727,
      0.44143901765346527,
      0.4489528238773346,
      0.4110550433397293,
      0.34933798015117645,
      0.4468621015548706,
      0.5342341959476471,
      0.5271201133728027,
      0.45692019164562225,
      0.4209870845079422,
      0.5213771164417267,
      0.48714280128479004,
      0.48074857890605927,
      0.4809020310640335,
      0.5135921537876129,
      0.4346967041492462,
      0.46720921993255615,
      0.5088940858840942,
      0.6002454161643982,
      0.5477958917617798
    ],
    "dna_vs_protein": [
      0.13253502547740936,
      0.20705998688936234,
      0.12746752053499222,
      0.08997708559036255,
      0.10296051576733589,
      0.19153253734111786,
      0.1441943719983101,
      0.13092691451311111,
      0.11921491846442223,
      0.11982719972729683,
      0.1298857182264328,
      0.10072063282132149,
      0.0966542661190033,
      0.0865277498960495,
      0.06655755452811718,
      0.11058083549141884,
      0.14925318956375122,
      0.15772948414087296,
      0.10590028762817383,
      0.07806054875254631,
      0.12492389976978302,
      0.12639912962913513,
      0.12604493647813797,
      0.17599240690469742,
      0.11114383116364479,
      0.09189571067690849,
      0.09385408088564873,
      0.09066126868128777,
      0.11878816783428192,
      0.1849614530801773
    ],
    "natural_language_vs_protein": [
      0.2733405977487564,
      0.2517187222838402,
      0.28435562551021576,
      0.2798706591129303,
      0.16426116228103638,
      0.22890470921993256,
      0.29243555665016174,
      0.37220439314842224,
      0.3366272747516632,
      0.30746372044086456,
      0.286469042301178,
      0.2995472550392151,
      0.32438963651657104,
      0.2989756017923355,
      0.24673090130090714,
      0.27728455513715744,
      0.3562334328889847,
      0.32518914341926575,
      0.32704512774944305,
      0.3223961144685745,
      0.35583557188510895,
      0.30756159126758575,
      0.33045603334903717,
      0.3432149589061737,
      0.32579854130744934,
      0.29991650581359863,
      0.3265291005373001,
      0.336587518453598,
      0.40645764768123627,
      0.34542664885520935
    ]
  }
}