{
  "tag": "C1-protein",
  "mix": {
    "text": 0.8,
    "protein": 0.2
  },
  "modalities": [
    "dna",
    "natural_language",
    "protein"
  ],
  "layer_averaged_js": {
    "dna_vs_natural_language": 0.4524860940873623,
    "dna_vs_protein": 0.11770642809569835,
    "natural_language_vs_protein": 0.3063762438793977
  },
  "per_layer_js": {
    "dna_vs_natural_language": [
      0.3734859824180603,
      0.40257062017917633,
      0.4231901913881302,
      0.3557221293449402,
      0.20189592987298965,
      0.4105752110481262,
      0.43562258780002594,
      0.5522928237915039,
      0.46975189447402954,
      0.446081280708313,
      0.40181848406791687,
      0.41591091454029083,
      0.4280417710542679,
      0.39633530378341675,
      0.3311982899904251,
      0.42169204354286194,
      0.516083613038063,
      0.5409356951713562,
      0.45138050615787506,
      0.4008489102125168,
      0.5228977203369141,
      0.5143283903598785,
      0.5116141140460968,
      0.49141715466976166,
      0.4938073307275772,
      0.4812591075897217,
      0.4878527671098709,
      0.503616064786911,
      0.6063735783100128,
      0.5859824120998383
    ],
    "dna_vs_protein": [
      0.13230209797620773,
      0.20117098093032837,
      0.12276062741875648,
      0.09759385883808136,
      0.11357569321990013,
      0.2089894488453865,
      0.14895515143871307,
      0.13050009310245514,
      0.11100350320339203,
      0.1337195336818695,
      0.14670208096504211,
      0.10601983219385147,
      0.08489338308572769,
      0.07056742906570435,
      0.07125945761799812,
      0.11793698370456696,
      0.1295814998447895,
      0.14392537623643875,
      0.10590845346450806,
      0.07574493438005447,
      0.0941866934299469,
      0.12683970853686333,
      0.12373216077685356,
      0.12133291363716125,
      0.10116345807909966,
      0.08273563906550407,
      0.08408325538039207,
      0.07822788506746292,
      0.12102790921926498,
      0.14475280046463013
    ],
    "natural_language_vs_protein": [
      0.287426233291626,
      0.24568210542201996,
      0.2819342315196991,
      0.27550700306892395,
      0.16601693630218506,
      0.24143223464488983,
      0.2770339101552963,
      0.3646731525659561,
      0.3389134705066681,
      0.29858388006687164,
      0.2883926182985306,
      0.2812543362379074,
      0.31741347908973694,
      0.2867664396762848,
      0.2532578706741333,
      0.2469620630145073,
      0.34691931307315826,
      0.3424326181411743,
      0.311196893453598,
      0.29100579023361206,
      0.340239480137825,
      0.3200242966413498,
      0.33439579606056213,
      0.32815326750278473,
      0.3247694820165634,
      0.3331990987062454,
      0.3374120742082596,
      0.344963937997818,
      0.42564138770103455,
      0.35968391597270966
    ]
  }
}