{
  "tag": "C3-protdna",
  "mix": {
    "text": 0.8,
    "protein": 0.1,
    "dna": 0.1
  },
  "modalities": [
    "dna",
    "natural_language",
    "protein"
  ],
  "layer_averaged_js": {
    "dna_vs_natural_language": 0.4541019322971503,
    "dna_vs_protein": 0.12503532773504655,
    "natural_language_vs_protein": 0.3074960226813952
  },
  "per_layer_js": {
    "dna_vs_natural_language": [
      0.3576611578464508,
      0.3893790543079376,
      0.40936772525310516,
      0.3523666262626648,
      0.191093809902668,
      0.414930060505867,
      0.4454725533723831,
      0.5438226461410522,
      0.45753197371959686,
      0.44214092195034027,
      0.3982152044773102,
      0.42651234567165375,
      0.4307451695203781,
      0.4012218862771988,
      0.32940031588077545,
      0.44728028774261475,
      0.5454130172729492,
      0.5269608795642853,
      0.4746888130903244,
      0.4104931801557541,
      0.535423070192337,
      0.5284896790981293,
      0.5370420813560486,
      0.4888531267642975,
      0.522223949432373,
      0.4599882960319519,
      0.46627387404441833,
      0.5325185507535934,
      0.5844076573848724,
      0.5731400549411774
    ],
    "dna_vs_protein": [
      0.1420670598745346,
      0.19928205013275146,
      0.12351803109049797,
      0.10544519498944283,
      0.10720017179846764,
      0.21045006811618805,
      0.1578473076224327,
      0.11983382701873779,
      0.11044077947735786,
      0.1182086430490017,
      0.14224443584680557,
      0.10934587568044662,
      0.09529763460159302,
      0.07329073175787926,
      0.0701039545238018,
      0.11418163776397705,
      0.14865846931934357,
      0.14251183718442917,
      0.11406733468174934,
      0.08432450890541077,
      0.11772941425442696,
      0.1413603127002716,
      0.12384496629238129,
      0.1443290412425995,
      0.1268221028149128,
      0.09821855276823044,
      0.11116752028465271,
      0.08389594592154026,
      0.11633967608213425,
      0.1990327462553978
    ],
    "natural_language_vs_protein": [
      0.2749699428677559,
      0.24599426239728928,
      0.27494795620441437,
      0.27509184181690216,
      0.1630536913871765,
      0.21860679239034653,
      0.27736902236938477,
      0.3589242249727249,
      0.33811236917972565,
      0.29971452057361603,
      0.2865488827228546,
      0.2958914637565613,
      0.3200196623802185,
      0.29230180382728577,
      0.23498035967350006,
      0.27405063062906265,
      0.351404070854187,
      0.3308344632387161,
      0.3336373567581177,
      0.2997550815343857,
      0.34787771105766296,
      0.31506530940532684,
      0.3601149767637253,
      0.3470047265291214,
      0.3323557823896408,
      0.32888852059841156,
      0.32407960295677185,
      0.3499731868505478,
      0.40961848199367523,
      0.3636939823627472
    ]
  }
}