{
  "tag": "C2-dna",
  "mix": {
    "text": 0.8,
    "dna": 0.2
  },
  "modalities": [
    "dna",
    "natural_language",
    "protein"
  ],
  "layer_averaged_js": {
    "dna_vs_natural_language": 0.4549348257482052,
    "dna_vs_protein": 0.13143370257069667,
    "natural_language_vs_protein": 0.3087907110651334
  },
  "per_layer_js": {
    "dna_vs_natural_language": [
      0.3602972626686096,
      0.39459775388240814,
      0.43069176375865936,
      0.36712993681430817,
      0.2174653336405754,
      0.42972494661808014,
      0.4570987820625305,
      0.5672896802425385,
      0.46418212354183197,
      0.43731628358364105,
      0.39436717331409454,
      0.4170679897069931,
      0.4474116414785385,
      0.40181684494018555,
      0.32195913791656494,
      0.4114272892475128,
      0.5090489089488983,
      0.4962598979473114,
      0.4577646106481552,
      0.4162977337837219,
      0.5181625187397003,
      0.5643405914306641,
      0.5134055763483047,
      0.5094521641731262,
      0.5131105184555054,
      0.4419727772474289,
      0.47822776436805725,
      0.5274716168642044,
      0.5970175564289093,
      0.5856685936450958
    ],
    "dna_vs_protein": [
      0.14920781552791595,
      0.20606102049350739,
      0.1367715261876583,
      0.10868463292717934,
      0.11131753772497177,
      0.1795613318681717,
      0.15775150805711746,
      0.15423399955034256,
      0.12061732634902,
      0.14668117463588715,
      0.14565294981002808,
      0.11637770012021065,
      0.12615768983960152,
      0.08146572858095169,
      0.07651182450354099,
      0.11773122474551201,
      0.11872205510735512,
      0.14939569681882858,
      0.10920151695609093,
      0.0822385661303997,
      0.1359471157193184,
      0.16660098731517792,
      0.13265004754066467,
      0.15602601319551468,
      0.11371724680066109,
      0.12984225898981094,
      0.10496485605835915,
      0.09348311647772789,
      0.10177768021821976,
      0.21365892887115479
    ],
    "natural_language_vs_protein": [
      0.2739170864224434,
      0.2419729232788086,
      0.2952362298965454,
      0.2868224233388901,
      0.16406814754009247,
      0.24985403567552567,
      0.277616024017334,
      0.3723791688680649,
      0.3409641236066818,
      0.2888062745332718,
      0.28478580713272095,
      0.2834036350250244,
      0.3340921849012375,
      0.2879970073699951,
      0.24015483260154724,
      0.2492799460887909,
      0.3571830540895462,
      0.32008373737335205,
      0.3298882097005844,
      0.3125363141298294,
      0.3373696357011795,
      0.3266575038433075,
      0.3310098499059677,
      0.3548172414302826,
      0.3296058624982834,
      0.3115091770887375,
      0.3404262214899063,
      0.3559533655643463,
      0.42247162759304047,
      0.36285968124866486
    ]
  }
}