{
  "tag": "M1-bio5",
  "mix": {
    "text": 0.95,
    "protein": 0.035,
    "dna": 0.01,
    "biolit": 0.005
  },
  "modalities": [
    "dna",
    "natural_language",
    "protein"
  ],
  "layer_averaged_js": {
    "dna_vs_natural_language": 0.45854339823126794,
    "dna_vs_protein": 0.12580643234153588,
    "natural_language_vs_protein": 0.31095327412088714
  },
  "per_layer_js": {
    "dna_vs_natural_language": [
      0.3759523630142212,
      0.39160722494125366,
      0.4292173981666565,
      0.36209040880203247,
      0.19843589514493942,
      0.41343560814857483,
      0.437045618891716,
      0.563364714384079,
      0.4701753854751587,
      0.44127917289733887,
      0.40210241079330444,
      0.4194575548171997,
      0.43756233155727386,
      0.40842191874980927,
      0.31692393124103546,
      0.4391074627637863,
      0.5580651462078094,
      0.5332419872283936,
      0.4625297337770462,
      0.43105973303318024,
      0.5402678549289703,
      0.5370510220527649,
      0.528025358915329,
      0.4801274836063385,
      0.5126262903213501,
      0.4791816622018814,
      0.4734387695789337,
      0.5297855883836746,
      0.5905809998512268,
      0.5941409170627594
    ],
    "dna_vs_protein": [
      0.1490805372595787,
      0.20241685956716537,
      0.1324450746178627,
      0.10398352518677711,
      0.11926616355776787,
      0.1697622537612915,
      0.14650165289640427,
      0.13235315680503845,
      0.11005156487226486,
      0.12060587853193283,
      0.131057508289814,
      0.11053882911801338,
      0.10505619272589684,
      0.07011314854025841,
      0.09734993800520897,
      0.12440113350749016,
      0.119345523416996,
      0.14350135624408722,
      0.11435654014348984,
      0.08322720229625702,
      0.12433040142059326,
      0.13602372258901596,
      0.15053853392601013,
      0.15272875130176544,
      0.11497664824128151,
      0.11666437983512878,
      0.10476064682006836,
      0.10692562162876129,
      0.11686323955655098,
      0.16496698558330536
    ],
    "natural_language_vs_protein": [
      0.2810233533382416,
      0.24065140634775162,
      0.2820131629705429,
      0.27871641516685486,
      0.1647016853094101,
      0.23827602714300156,
      0.27350372076034546,
      0.37153469026088715,
      0.3434664309024811,
      0.29384730756282806,
      0.2872128188610077,
      0.29272012412548065,
      0.3247144967317581,
      0.29442834854125977,
      0.23604749888181686,
      0.2507360577583313,
      0.3736116588115692,
      0.3340682089328766,
      0.3267367482185364,
      0.311918169260025,
      0.3615672141313553,
      0.33151988685131073,
      0.35390526056289673,
      0.35048365592956543,
      0.3332693874835968,
      0.33256542682647705,
      0.3304939419031143,
      0.35167716443538666,
      0.41529931128025055,
      0.3678886443376541
    ]
  }
}