{
  "tag": "M2-bio20",
  "mix": {
    "text": 0.8,
    "protein": 0.14,
    "dna": 0.04,
    "biolit": 0.02
  },
  "modalities": [
    "dna",
    "natural_language",
    "protein"
  ],
  "layer_averaged_js": {
    "dna_vs_natural_language": 0.4590011969208717,
    "dna_vs_protein": 0.12886528229961794,
    "natural_language_vs_protein": 0.30914560879270236
  },
  "per_layer_js": {
    "dna_vs_natural_language": [
      0.3588241934776306,
      0.39947961270809174,
      0.4209109842777252,
      0.3572085052728653,
      0.20646095275878906,
      0.4335061311721802,
      0.4503229409456253,
      0.5718598961830139,
      0.4556846618652344,
      0.44859738647937775,
      0.40986737608909607,
      0.4396771043539047,
      0.42616280913352966,
      0.39896512031555176,
      0.33940380811691284,
      0.43844597041606903,
      0.5727852880954742,
      0.5436820685863495,
      0.4716585725545883,
      0.4251633733510971,
      0.5460981130599976,
      0.5203358829021454,
      0.5220222473144531,
      0.48090459406375885,
      0.5131292939186096,
      0.4565207064151764,
      0.46377407014369965,
      0.52141173183918,
      0.5956069827079773,
      0.5815655291080475
    ],
    "dna_vs_protein": [
      0.13318178802728653,
      0.20721498876810074,
      0.12761903926730156,
      0.10359086468815804,
      0.11567792296409607,
      0.20706883072853088,
      0.14223739504814148,
      0.14360535144805908,
      0.11296659708023071,
      0.13471685349941254,
      0.14452050626277924,
      0.11762433871626854,
      0.09062084928154945,
      0.07777377963066101,
      0.08129298500716686,
      0.11754157021641731,
      0.14869246631860733,
      0.15264388918876648,
      0.11280203610658646,
      0.0793582871556282,
      0.12976016849279404,
      0.14631784707307816,
      0.1498413383960724,
      0.14551158249378204,
      0.11956782639026642,
      0.09625072777271271,
      0.10466719418764114,
      0.11608927696943283,
      0.12253326922655106,
      0.1846688985824585
    ],
    "natural_language_vs_protein": [
      0.28075629472732544,
      0.25026366114616394,
      0.27939464151859283,
      0.28882403671741486,
      0.18533431738615036,
      0.2481311857700348,
      0.2920564264059067,
      0.37646645307540894,
      0.3380209803581238,
      0.2956869900226593,
      0.28656820952892303,
      0.2806381583213806,
      0.30646567046642303,
      0.2829904854297638,
      0.24534612149000168,
      0.2525056079030037,
      0.3756576478481293,
      0.33426715433597565,
      0.32702749967575073,
      0.3110518604516983,
      0.36292895674705505,
      0.31688185036182404,
      0.3436758667230606,
      0.33772510290145874,
      0.325142577290535,
      0.30564235150814056,
      0.32036593556404114,
      0.3441777378320694,
      0.414765864610672,
      0.3656086176633835
    ]
  }
}