{
  "tag": "M0-base",
  "mix": {
    "text": 1.0
  },
  "modalities": [
    "dna",
    "natural_language",
    "protein"
  ],
  "layer_averaged_js": {
    "dna_vs_natural_language": 0.44654505675037703,
    "dna_vs_protein": 0.12076241640994946,
    "natural_language_vs_protein": 0.30447294463713964
  },
  "per_layer_js": {
    "dna_vs_natural_language": [
      0.381044939160347,
      0.3935941308736801,
      0.43215498328208923,
      0.35479041934013367,
      0.18087603896856308,
      0.40351007878780365,
      0.4410010874271393,
      0.5512129366397858,
      0.4610278606414795,
      0.44343799352645874,
      0.3767811805009842,
      0.40126486122608185,
      0.41645611822605133,
      0.40920835733413696,
      0.3208910971879959,
      0.42528222501277924,
      0.5229512751102448,
      0.48293212056159973,
      0.4374791383743286,
      0.42343324422836304,
      0.5173271298408508,
      0.5068072825670242,
      0.5005679130554199,
      0.4771091490983963,
      0.4822508692741394,
      0.4637988805770874,
      0.46411338448524475,
      0.5345972925424576,
      0.589195966720581,
      0.6012537479400635
    ],
    "dna_vs_protein": [
      0.14686259627342224,
      0.20548417419195175,
      0.13544268161058426,
      0.09905636683106422,
      0.10225556418299675,
      0.19181318581104279,
      0.14307323098182678,
      0.11806537583470345,
      0.10270541533827782,
      0.12578203901648521,
      0.11797964572906494,
      0.10532521456480026,
      0.09669388085603714,
      0.06407986395061016,
      0.09874620661139488,
      0.12027088552713394,
      0.10294115170836449,
      0.13526782020926476,
      0.11079542711377144,
      0.07840797305107117,
      0.1393849290907383,
      0.14076141268014908,
      0.12925287708640099,
      0.16494356840848923,
      0.09511841088533401,
      0.12943236157298088,
      0.06942605413496494,
      0.07255150936543941,
      0.11367219686508179,
      0.16728047281503677
    ],
    "natural_language_vs_protein": [
      0.2830190509557724,
      0.24121025204658508,
      0.29316720366477966,
      0.2777891159057617,
      0.1415230929851532,
      0.22626926749944687,
      0.2690802663564682,
      0.36867503821849823,
      0.33114631474018097,
      0.29674458503723145,
      0.27365653216838837,
      0.28383924067020416,
      0.32778286933898926,
      0.29720187187194824,
      0.25508007407188416,
      0.2551650181412697,
      0.3688877522945404,
      0.3160526305437088,
      0.3110906332731247,
      0.3199627995491028,
      0.32756708562374115,
      0.3084155470132828,
      0.32589349150657654,
      0.3364595025777817,
      0.30265818536281586,
      0.31656038761138916,
      0.32141076028347015,
      0.3686946928501129,
      0.4170009195804596,
      0.372184157371521
    ]
  }
}