{
  "tag": "it-bio",
  "mix": null,
  "modalities": [
    "dna",
    "natural_language",
    "protein"
  ],
  "layer_averaged_js": {
    "dna_vs_natural_language": 0.2674166428546111,
    "dna_vs_protein": 0.08396465759724378,
    "natural_language_vs_protein": 0.16994837572177252
  },
  "per_layer_js": {
    "dna_vs_natural_language": [
      0.3706079572439194,
      0.38261209428310394,
      0.4310629218816757,
      0.34321315586566925,
      0.20831216871738434,
      0.3402571380138397,
      0.31921057403087616,
      0.3772088438272476,
      0.3433239907026291,
      0.32156839966773987,
      0.22645561397075653,
      0.19275420159101486,
      0.16228056699037552,
      0.15388944745063782,
      0.1978975310921669,
      0.12684780359268188,
      0.1917456090450287,
      0.14904353767633438,
      0.1963437795639038,
      0.20635204762220383,
      0.2709752395749092,
      0.2610207200050354,
      0.1528942883014679,
      0.25393736362457275,
      0.2568589746952057,
      0.28971320390701294,
      0.2743134871125221,
      0.3149784803390503,
      0.32338348031044006,
      0.3834366649389267
    ],
    "dna_vs_protein": [
      0.13851577043533325,
      0.19802649319171906,
      0.14015092700719833,
      0.10020123794674873,
      0.11849584802985191,
      0.16590389609336853,
      0.08516937494277954,
      0.09931911155581474,
      0.0736048724502325,
      0.1141553521156311,
      0.07046780548989773,
      0.04816115088760853,
      0.06010540574789047,
      0.039877588860690594,
      0.09984451532363892,
      0.058002863079309464,
      0.05576797388494015,
      0.060884203761816025,
      0.06116107106208801,
      0.04087742976844311,
      0.07784103229641914,
      0.06027553975582123,
      0.03572177514433861,
      0.12106246128678322,
      0.061768004670739174,
      0.07996523752808571,
      0.05547366477549076,
      0.04195354972034693,
      0.058571796864271164,
      0.09761377424001694
    ],
    "natural_language_vs_protein": [
      0.27848680317401886,
      0.24307039380073547,
      0.2819540202617645,
      0.26283828914165497,
      0.1703440323472023,
      0.17059461027383804,
      0.20074491947889328,
      0.2461387738585472,
      0.24885021150112152,
      0.21353179216384888,
      0.15057173371315002,
      0.12003402411937714,
      0.08351623639464378,
      0.09784913063049316,
      0.10838665813207626,
      0.08274750784039497,
      0.08558912947773933,
      0.08672724291682243,
      0.10873430594801903,
      0.1229948177933693,
      0.1445402354001999,
      0.1462744101881981,
      0.0966751016676426,
      0.16059786081314087,
      0.1633705198764801,
      0.195768341422081,
      0.18711023032665253,
      0.19769171625375748,
      0.20674800127744675,
      0.23597022145986557
    ]
  }
}